{"cameraMode":{"drawMode":2,"name":"Shaded Wireframe","section":"Shading Mode"},"sceneLighting":false,"audioPlay":false,"sceneViewState":{"m_AlwaysRefresh":false,"showFog":true,"showSkybox":false,"showFlares":true,"showImageEffects":true,"showParticleSystems":true,"showVisualEffectGraphs":true,"m_FxEnabled":true},"in2DMode":false,"pivot":{"x":-0.0391310453414917,"y":-0.2294716238975525,"z":0.0000019073486328125},"rotation":{"x":-0.3258320391178131,"y":0.31237730383872988,"z":-0.11502103507518769,"w":-0.8848938941955566},"size":3.0826640129089357,"orthographic":false}